milage,model_year,price
51000,2013,10300
34742,2021,38005
22372,2022,54598
88900,2015,15500
9835,2021,34999
136397,2016,14798
84000,2017,31000
242000,2001,7300
23436,2021,41927
34000,2020,69950
27608,2021,73897
22770,2019,184606
12500,2021,53500
18196,2022,62000
15903,2020,47998
79800,2013,29990
1685,2021,250000
61074,2013,16800
74000,2003,11000
35250,2018,68750
5400,2023,60000
133510,2000,4500
25990,2020,38598
2823,2023,58504
52000,2021,61000
11650,2022,32300
96541,2016,13998
17500,2021,59995
69000,2015,25700
81880,2017,21375
28800,2018,48000
300183,2006,10900
35035,2020,24998
171000,2011,5999
118700,2016,46900
119000,2017,15900
44261,2018,33598
125575,2012,8999
16200,2007,8200
70000,2014,20000
20200,2011,79950
2978,2023,45498
189719,2007,14000
9949,2019,75798
3552,2022,119999
54000,2012,36880
51351,2021,43147
24280,2017,29000
89148,2016,17500
73043,2017,30990
60000,2017,52500
73549,2016,20848
110900,2005,19500
39000,2013,73000
120000,2016,19800
134602,2009,7500
1094,2023,30999
83500,2010,6500
37060,2014,28500
97700,2010,10995
40000,2018,42000
8940,2018,144900
186000,2014,10000
13180,2021,23998
104000,2014,21000
8500,2023,67900
19069,2019,69998
6090,2023,46900
4900,2022,99000
47523,2019,31000
43000,2006,19995
14684,2017,130000
57800,2019,55999
952,2023,49950
21240,2019,59950
59338,2019,42499
255,2023,359991
23230,2019,44999
48000,2017,30000
41059,2005,11100
21240,2020,37998
11500,2015,72000
9950,2021,53950
633,2023,47999
66000,2015,15900
59715,2014,45000
85252,2012,18500
17900,2020,80000
25500,2016,55000
210703,2004,2300
3800,2023,34000
36602,2022,31995
2800,2023,92000
2165,2021,279950
33000,2018,29900
76009,2016,24950
31349,2020,39366
48000,2015,32900
91420,2005,8900
124756,2003,4995
2415,2023,104900
116226,2012,7900
37869,2020,75950
41500,2019,86000
87001,2013,17995
4451,2022,55655
27158,2020,39998
139804,2014,14500
27300,2022,47500
36812,2014,27000
144000,2016,18000
44500,2019,28900
10917,2021,73998
8332,2005,47350
51247,2020,47698
69000,2016,36500
147834,2021,32662
105000,2013,6600
92203,2011,9995
15600,2010,69500
104700,2018,30775
72348,2010,9995
2500,2023,94000
13177,2022,44798
96000,2016,23000
93009,2011,22495
52750,2016,28998
25361,2020,49998
98527,2015,9995
1300,2023,86900
87305,2017,9000
72922,2012,25999
41000,2015,30000
42125,2021,27899
62000,2016,40000
153843,2006,9950
35248,2019,53998
194454,2015,9888
21000,2021,89999
18494,2013,86900
218000,2006,12990
67800,2021,36500
79000,2014,42999
24906,2022,63998
66840,2006,12000
86000,2013,32000
654,2023,34599
75000,2005,12500
84000,2015,22800
52500,2017,39999
120000,2011,7500
18665,2020,35645
19987,2016,149900
36486,2017,23950
162100,2013,12500
13079,2022,47000
28377,2022,36999
32744,2020,24000
54000,2012,26000
202055,2008,8500
65000,2019,65000
9686,2022,30990
49620,2010,10499
16010,2020,114000
820,2023,51998
68000,2021,36499
27352,2022,27785
129000,2012,7000
106731,2014,30000
34672,2019,45500
55900,2010,8950
3158,2023,128900
82000,2015,17000
4785,2023,42850
20497,2021,22999
177600,2013,7100
78568,2014,15500
95000,2018,43000
4529,2018,417500
25240,2021,39951
88300,2011,11500
98000,2013,27499
20675,2018,76000
95000,2008,10900
107000,2010,6250
60000,2016,24700
33000,2012,34999
500,2023,60000
108500,2016,63500
37800,2017,149500
74422,2018,44798
55621,2019,34562
46707,2021,32541
26500,2022,65900
10001,2020,47214
19050,2019,76900
52000,2020,35800
65000,2014,54999
140000,2004,6730
75600,2018,14950
117292,2015,12000
1897,2005,429998
26000,2017,33600
2071,2022,99950
15629,2014,61900
15020,2008,18500
11322,2022,119900
50361,2016,65998
115000,2013,36000
28500,2005,63500
51700,2018,32000
148949,2008,3900
39300,2018,31750
82323,2008,28500
3574,2023,34998
109357,2001,12749
46000,2004,18853
123112,2007,104999
37100,2007,16900
89000,2016,14500
1240,2022,53900
67073,2019,47999
28700,2015,24900
8200,2023,93999
41000,2018,108900
98995,2018,34998
123815,2012,5000
6330,2011,1950995
61341,2020,34084
96473,2016,15599
66107,2017,31331
114287,2008,9900
75000,2015,14500
45800,2016,36800
12172,2021,35999
70582,2016,35000
33088,2014,49750
1850,2021,49000
94155,2008,10500
25000,2016,17999
99500,2016,27995
158564,2009,8750
20000,2023,78499
46711,2018,20850
46496,2017,41000
19800,2019,53800
175000,2008,37900
61500,2016,63500
49750,2016,65000
38800,2007,100000
83765,2011,8995
7388,2023,105500
278,2023,359991
1966,2022,75900
50648,2021,23995
13692,2021,257000
60058,2013,15000
54423,2017,33950
24001,2022,47498
14735,2022,50998
2425,2023,42998
2050,2022,94999
64855,2019,46995
16238,2022,62479
18051,2022,47995
36524,2004,14900
14896,2022,39998
14048,2022,29999
224000,2003,3900
80581,2014,26000
81400,2007,11000
6700,2019,63000
143000,2015,22500
87842,2017,18688
116451,2010,16500
53677,2019,27900
12000,2021,77500
20034,2019,43998
32000,2020,68000
70312,2014,19995
8794,2022,54000
156000,2010,5900
25568,2020,134999
67100,2018,34250
52000,2014,37000
137200,2011,12000
36000,2018,32000
15500,2023,24500
10906,2020,96998
49814,2019,26545
846,2015,86999
67039,2021,34645
2636,2023,28535
50166,2018,43550
37375,2017,27500
21600,2021,31000
9500,2019,69000
143095,2005,16000
80000,2002,8500
3000,2021,275000
5856,2007,45000
2958,2013,488880
28927,2022,74900
4102,2022,144664
14442,2021,38500
64000,2005,12995
154000,2004,10000
54000,2015,27000
232492,2007,6000
25721,2020,52645
20927,2020,35998
2353,2021,159500
9325,2022,33610
61001,2020,28616
71962,2018,46900
5800,2023,29990
40080,2016,28499
57000,2020,36500
7624,2022,31985
122000,2004,9999
459,2023,36998
62500,2016,40500
72000,2013,17500
8375,2020,69900
40000,2020,53000
77000,2014,30000
19593,2019,159998
35902,2020,22966
800,2013,9800
2600,2023,239995
6204,2023,79998
69185,2020,37405
45000,2015,41900
37426,2020,39998
137000,2011,8500
85000,2016,18500
4000,2023,73900
4648,2023,47598
52100,2018,38000
50100,2014,10795
41000,2020,32400
70968,2021,34000
26600,2015,53000
15443,2022,84500
95000,2018,18000
94000,2005,19500
45076,2020,57998
110000,2014,11000
49083,2016,21590
63500,2017,27500
21500,2009,18000
324,2023,199998
68166,2019,20818
53607,2018,31853
16813,2019,45900
18200,2020,29500
51000,2015,102000
16400,2018,42800
7000,2022,75500
8497,2022,52900
68000,2016,20000
2523,2022,288900
83000,2007,8995
25000,2018,50000
15689,2021,97952
125450,2014,17200
9822,2023,50998
144000,2008,22000
30900,2020,27654
2492,2021,41598
126760,2015,14000
100680,2017,20500
90400,2001,4495
26895,2022,29800
20500,2018,67000
134000,2011,10500
84352,2015,10000
19000,2022,71000
115550,2015,17500
191775,2009,9750
923,2023,46998
124630,2017,75000
17000,2019,95000
73500,2018,32000
73837,2019,36340
29500,2014,40999
13613,2021,29798
1185,2023,120990
143250,2015,11500
46508,2006,11500
18651,2015,59549
36438,2019,39998
46628,2014,15363
5700,2023,95000
57550,2015,29995
48600,2017,60999
119000,2020,18000
36500,2020,72000
121250,2010,13250
2437,2023,78350
110380,2018,22000
149000,2008,3850
14684,2021,37995
39000,2017,39000
65212,2019,42995
41856,2020,91500
655,2023,94500
54000,2019,33000
26500,2019,53900
38356,2020,36598
21487,2020,35345
99000,2007,22999
35597,2019,47756
130307,2005,9950
178000,2010,7600
160265,2003,3000
8700,2020,185000
1000,2016,36000
29800,2022,58900
49750,2017,27995
121000,2002,6348
140000,2005,2000
66770,2018,21500
61549,2016,19998
38100,2016,21000
138071,2010,5000
40000,2019,72000
41545,2022,71998
47850,2019,127899
128000,2014,11000
48156,2019,40368
4700,2021,99900
39071,2017,67900
53500,2017,33999
11025,2007,47500
44000,2021,73000
11000,2022,27900
103000,2012,16000
456,2024,128995
64000,2018,37300
108000,2017,25999
37045,2018,26600
5433,2023,95998
28744,2019,50998
65800,2015,44950
850,2021,314900
33012,2019,38000
107818,2011,11400
79500,2016,19000
20000,2015,124990
37000,2018,63997
11945,2022,38998
131800,2005,5800
146000,2008,8995
29000,2010,29000
141209,2004,5700
85253,2016,19995
87009,2015,17800
4348,2023,105900
158000,2016,19780
10500,2020,36000
45843,2018,37000
15198,2021,31621
220000,2001,5500
58000,2017,51500
30424,2020,44998
38012,2021,45277
2500,2023,91000
11078,2021,91900
50000,2018,65000
58000,2019,38000
3415,2023,54998
61000,2018,65000
48500,2019,43500
65680,2018,34900
44362,2020,50658
18603,2019,42900
35999,2020,59598
8044,2021,93000
9738,2016,85500
112000,2009,28000
167300,2009,6250
115,2022,449995
71000,2015,35999
31015,2020,36570
33000,2022,29999
63000,2017,20000
68325,2013,11995
20937,2020,104900
34365,2021,48000
32000,2018,44900
40237,2020,36998
22500,2020,50000
58700,2020,48999
264893,2006,5000
209500,2005,8500
195,2023,87500
120000,2016,19500
14676,2022,33000
33704,2021,42998
2950,2023,87000
17994,2021,87500
44101,2020,45423
25918,2021,32000
87000,2008,15300
28333,2018,20500
29294,2018,39999
37000,2008,14995
138000,2005,9950
44487,2020,65000
16878,2021,38781
30177,2022,46598
53000,2021,67100
61308,2021,42000
99200,2013,11495
32117,2022,33299
79341,2013,16800
220000,2007,5750
16900,2021,43000
75137,2007,24999
37594,2021,62595
250,2023,94000
12771,2021,42598
6400,2012,48000
69548,2021,36300
79893,2009,15900
124838,2014,33000
14353,2020,63900
22985,2022,33500
161894,2014,18900
25025,2008,39000
16701,2017,107998
19650,2017,69250
29500,2020,45000
132272,2007,6700
122000,2012,13500
18185,2022,31755
56450,2018,13999
102000,2012,4200
18428,2022,83998
535,2023,65990
81648,2013,15900
138202,2003,22550
69600,2004,37900
39900,2018,53600
36500,2021,85000
42650,2018,31990
68816,2020,35297
91188,2016,29995
116210,2015,31900
3077,2022,44998
3880,2024,52991
67482,2017,11499
67726,2018,52000
207000,2008,10500
35550,2021,25987
44000,2016,46599
11249,2015,54500
111650,2014,17500
18526,2019,67999
103272,2012,15500
1160,2023,73600
107714,2019,34918
111773,2013,17000
54002,2019,22500
87000,2016,13000
49700,2016,31700
34500,2017,64600
31729,2021,29614
7388,2021,43663
41550,2017,20995
44486,2018,25625
20750,2013,33000
12000,2022,41000
14206,2021,98000
31700,2022,43500
13044,2022,24999
100730,2009,6975
5338,2023,76500
85149,2014,23598
48291,2018,67250
111887,2001,14000
79000,2010,69000
125000,2016,26500
13777,2022,39777
14920,2022,41741
14627,2022,56740
90050,2010,5800
45000,2014,25000
89900,2006,29994
14724,2021,101998
132000,2011,10999
32652,2010,6500
36632,2018,72567
11164,2022,37500
22655,2020,63999
9500,2019,135000
10300,2021,29900
48000,2018,54000
138000,2007,10000
24058,2022,81900
31500,2016,67000
19701,2020,55998
10200,2022,50500
62378,2008,33995
84200,2006,10200
138700,2013,18800
41050,2021,62900
39192,2020,24590
7758,2022,47998
31654,2021,33410
63000,2017,42000
257700,2005,3550
57000,2017,29500
89000,2017,29999
134500,2015,28000
15895,2022,47950
15109,2020,162950
398,2022,695000
20319,2022,44249
40906,2021,51998
33749,2020,85998
1120,2023,92900
26088,2021,38383
14950,2022,24000
47466,2018,14699
10376,2022,98900
18500,2021,41950
24596,2021,38322
2905,2021,27599
71290,2015,21000
15000,2022,63000
37900,2017,22000
2000,2022,244896
32500,2019,43500
61491,2003,28000
77634,2013,24590
83000,2015,18999
121800,2002,4300
65852,2020,68998
1335,2023,272950
83315,2014,15000
18421,2019,85000
101000,2015,16500
29322,2022,44999
23900,2019,35999
40515,2016,47999
67516,2020,36994
155000,2010,8300
26998,2019,35557
18500,2018,115000
137600,2009,6880
125500,2005,3950
22039,2019,113990
137483,2011,3200
67500,2019,40500
52000,2020,53722
10000,2006,259000
195361,2017,26000
32500,2018,103000
14806,2019,81330
11000,2022,48950
92530,2011,18500
34845,2017,30000
16280,2018,85500
77000,2011,32000
63000,2010,38500
39700,2016,25500
103111,2013,9200
75897,2019,35998
55000,2017,34000
114000,2005,13450
80124,2011,17500
7000,2023,144900
4285,2023,65688
17175,2019,234900
34049,2017,37999
16000,2019,39990
59355,2020,72995
31000,2022,36000
19300,2019,36000
155000,2009,16900
120010,2010,6500
152520,2012,10900
32000,2005,2954083
47000,2015,50000
2046,2023,43499
24965,2021,22995
108000,2005,7850
76000,2015,18300
30000,2014,78500
59271,2015,29900
1500,2023,119500
52500,2017,24950
23100,2020,36495
45000,2017,22500
179000,2002,6500
1500,2023,84900
38671,2022,66998
135465,2007,15750
79000,2014,17000
42259,2012,17000
159890,2006,6500
2200,2023,75000
15833,2022,52000
96000,2013,13500
72900,2009,15500
7121,2021,94998
3402,2023,44000
73000,2013,13900
21000,2018,51000
30309,2021,63598
24000,2021,38000
73000,2016,23999
26465,2019,24998
26870,2020,34645
184000,2004,10500
4514,2022,132998
1300,2022,48000
49924,2018,26500
36526,2019,57850
37000,2015,45950
79884,2017,24840
30000,2016,19000
11102,2021,101000
105500,2012,19000
31157,2019,65998
86204,2019,20708
80211,2014,17995
25991,2010,69995
73000,2008,8400
40989,2018,35000
102681,2010,6000
123000,2010,13888
160900,2005,7200
105000,2011,21900
1340,2023,41000
17850,2021,41999
72277,2011,34950
7000,2023,46000
10627,2022,99000
67015,2020,28590
19600,2018,62000
5800,2022,42500
33812,2017,14999
99897,2015,26950
127500,2014,29000
23842,2021,59203
2108,2023,91000
65550,2014,39985
22000,2017,210000
15600,2022,68995
22400,2021,81900
89150,2015,31900
15000,2023,81000
49500,2018,25000
126000,2003,13850
85385,2015,15550
3000,2023,123999
66126,2018,19190
1075,2023,35000
2489,2023,98900
25000,2021,28500
92000,2017,20900
123500,2008,14500
105000,2013,12000
49000,2008,63000
28357,2020,47598
81000,2018,32000
45000,2021,52000
173456,2011,16000
13700,2021,60000
93400,2019,42500
90000,2015,18200
40600,2017,32000
20121,2023,47124
3921,2020,175000
187450,2011,10400
6400,2021,68000
54500,2017,37995
78500,2017,42000
75000,2018,36000
89988,2014,42500
107000,2005,7100
21400,2019,28500
83150,2007,6950
92000,2018,36500
15042,2021,54599
39000,2017,35000
67483,2017,46500
62089,2015,29975
54300,2017,53500
30565,2022,29000
142666,2016,22000
166200,2009,6999
88977,2015,19977
114890,2011,20990
171000,2009,4750
90067,2019,28590
97579,2014,15000
52000,2017,20500
25968,2021,38405
41680,2016,17495
77200,2002,7500
50000,2019,43000
21613,2021,58998
17377,2022,39998
30426,2020,29645
153000,2005,6500
56600,2004,23000
116612,2015,12700
72000,2018,30000
39000,2019,50000
149000,2008,10099
19300,2018,64000
27836,2021,36969
3273,2023,78999
74349,2017,36000
85000,2019,55000
2250,2022,259500
46100,2017,33000
49500,2019,28000
31130,2012,23500
149460,2008,12240
90000,2003,15500
48000,2021,57000
98000,2013,15500
18655,2022,38698
60000,2006,24950
169500,2014,15000
189500,2008,6000
91000,2016,68500
7396,2022,41299
229450,2004,8250
8603,2023,125900
49098,2014,44900
21212,2022,28906
62743,2010,28600
24300,2021,49999
104000,2010,19500
46250,2020,27800
1930,2023,40655
61494,2022,35850
24040,2020,35273
231581,2001,4300
81000,2019,38500
23568,2022,44998
78700,2020,18000
109580,2015,11900
178000,2009,4500
131193,2016,11970
106000,2017,25900
28211,2019,27500
91403,2015,14998
88600,2016,16800
84900,2011,22450
11154,2021,28998
45090,2018,30750
33272,2003,11900
71000,2003,12499
55400,2020,36500
141525,2012,14490
50000,2007,21900
29140,2020,71995
9000,2022,56900
5595,2021,83598
34121,2022,48190
36750,2013,35999
49626,2007,12000
45000,2017,16500
69350,2019,36000
8307,2022,98900
4106,2023,84645
57500,2018,41900
29000,2021,39650
61675,2015,19000
33300,2021,45000
62950,2014,17498
56675,2015,19750
92000,2013,23000
96000,2005,12000
33500,2014,23000
16754,2020,112000
53249,2007,9250
119000,2016,12500
29336,2021,36999
86000,2017,41000
177000,2014,40500
93500,2013,15900
47700,2018,54999
97496,2003,24500
16120,2022,26599
147589,2005,2800
95570,2013,22000
45791,2018,52000
60000,2016,25950
50000,2019,18795
33481,2019,43999
107000,2010,5900
60000,2011,37000
55000,2016,28000
4004,2022,25500
57800,2009,59400
10972,2022,217950
27858,2022,197750
31678,2018,106798
47144,2016,29950
165454,2011,4000
98000,2018,25500
39913,2020,22749
147191,2013,12990
53600,2014,25980
100100,2010,17000
1750,2020,199995
2750,2020,104500
40800,2013,35500
36798,2018,49500
77699,2021,49883
87500,2010,14900
93000,2020,38500
41515,2018,28251
19000,2019,33242
1539,2023,76373
31090,2018,68000
21701,2022,25099
97726,2016,15998
73000,2015,34000
23600,2020,31900
8755,2016,166900
20500,2019,67900
57912,2013,18750
35000,2009,18500
7089,2023,29895
35469,2019,30890
14676,2022,46787
13750,2022,79999
13300,2015,62500
117000,2017,27000
27100,2020,50000
89352,2017,20989
100000,2018,8500
16000,2020,75500
15200,2023,62999
39960,2012,38995
119000,2008,13500
10971,2022,29998
118500,2014,11500
8288,2021,45899
2950,2023,74500
73000,2017,78000
82000,2005,14900
7874,2019,38999
49105,2017,39750
5500,2023,40000
36700,2005,26000
40000,2014,34000
78110,2017,17500
74864,2015,19780
15350,2021,93500
46100,2010,72999
61454,2018,31000
45241,2020,54500
48000,2018,27000
68500,2010,18500
43433,2019,51899
122961,2005,20995
92861,2014,19750
72000,2016,21400
6929,2019,649999
83000,2003,10500
18031,2021,39599
8200,2023,78900
19000,2020,74900
12875,2022,42599
32000,2015,36000
61145,2013,37500
9612,2022,43900
3534,2023,143998
152000,2011,14000
129567,2012,7000
36000,2019,41995
92008,2009,12500
150900,2012,17500
43000,2019,50000
38020,2018,63998
14750,2021,61059
52500,2015,23000
207571,2017,21000
39000,2020,29900
66000,2011,28000
93500,2017,16000
7200,2018,64000
1220,2022,238900
8421,2023,90000
25520,2020,84900
30554,2020,41999
17000,2023,54900
41314,2011,30999
49899,2020,64500
186268,2012,4500
51335,2016,25995
10400,2019,99750
20622,2020,142998
19376,2022,45861
12245,2020,187900
77000,2006,57000
40000,2013,24000
113000,2012,10000
7600,2022,46000
20400,2022,29900
115000,2019,39000
239000,2012,7000
62194,2014,32998
22138,2020,38598
48900,2017,62500
21800,2014,117000
68200,2016,16750
139000,2001,7000
76100,2021,130000
14330,2022,54998
41906,2019,45999
164000,2016,21500
161933,2013,7945
22829,2022,34580
5483,2023,59950
46891,2020,31000
72000,2019,39000
3400,2020,129900
18000,2021,30000
30630,2021,39998
24985,2007,33580
9978,2023,93999
18500,2018,77999
72843,2021,79990
67500,2017,20000
43534,2020,65990
36900,2017,28500
61720,2017,39998
35938,2022,43329
10748,2023,63100
4457,2023,107900
108206,2018,26498
32705,2020,46598
74026,2020,32913
24651,2020,45950
13000,2022,69000
11700,2023,133500
77500,2015,54000
82000,2007,7999
1389,2017,489995
29830,2021,55329
83100,2016,17800
62660,2019,16500
56006,2018,59000
31365,2021,52998
27600,2004,14900
47245,2012,19600
73948,2017,31990
36757,2019,31953
4786,2023,48000
1900,2023,78900
52060,2014,15000
58000,2008,41500
52246,2010,26095
64290,2016,16999
37500,2009,21500
2121,2023,40750
57000,2013,26000
22000,2020,69500
2000,2023,66500
61802,2018,32000
73000,2010,17500
110000,2013,7500
106700,2013,13500
75965,2013,35999
31804,2022,48995
116320,2005,6000
156875,2011,9900
197,2023,85000
35200,2020,28500
76000,2014,19000
29000,2019,34500
33499,2019,44495
25779,2019,30999
76296,2015,9500
29553,2014,12800
109902,2011,4500
23083,2019,33500
143600,2003,4199
22000,2021,54800
13000,2022,81500
53000,2018,28000
44741,2019,52999
202000,2008,5700
215000,2006,6995
77138,2019,49998
90641,2018,25999
177702,2011,7700
58350,2018,29497
86170,2010,17000
36568,2012,20199
54357,2015,16250
20394,2015,59598
7578,2023,31113
64800,2010,20900
117780,2016,27750
33100,2019,18200
86202,2016,18750
163000,2012,19550
35400,2004,24900
31000,2018,22000
103069,2018,40998
22480,2021,135800
91000,2016,39500
41500,2010,44800
91545,2010,13000
4100,2022,162500
110000,2006,5000
88000,2016,18500
42833,2018,37000
23278,2020,114998
60100,2015,24995
17381,2022,69685
63172,2013,12995
72000,2010,10900
4820,2022,47500
67900,2014,25990
51000,2018,38000
54500,2013,35000
61840,2006,16500
28950,2006,16750
300000,2002,5000
103400,2011,17000
816,2023,109900
719,2016,489000
3678,2023,81998
107000,2016,22000
5018,2022,114998
13850,2010,71400
46700,2008,11400
21478,2021,27798
64200,2020,20499
31075,2006,36250
25250,2022,47800
35400,2020,71950
74030,2004,16000
48549,2021,69998
5182,2023,32500
31681,2019,33500
23430,2020,80998
30300,2015,29000
112000,2016,14599
127356,2014,19990
50600,2017,28890
194000,2011,9950
33455,2021,44750
43000,2022,35750
46102,2016,35300
59000,2019,21000
134000,2004,9500
3715,2020,150000
100245,2012,24000
8583,2022,42999
141800,2003,5700
77000,2012,13800
67035,2018,31500
61450,2012,19500
39500,2015,52590
6600,2020,128900
2300,2023,51500
10601,2023,61998
18000,2018,67000
31681,2022,67963
24114,2020,49427
22109,2022,43389
148000,2012,18000
41000,2018,60200
127600,2009,19500
138450,2005,19000
230000,2013,15500
53649,2017,33000
174000,2012,11999
49860,2022,47645
13650,2021,75000
134000,2016,13500
78000,2014,68000
65750,2005,21750
18000,2021,94000
121630,2007,9450
4500,2023,89999
9408,2022,61999
120000,2016,16000
168600,2016,29500
43705,2004,25900
111000,2013,11500
64549,2012,17000
53000,2007,6500
13465,2017,44900
5844,2023,52000
74000,2015,40000
100331,2011,6900
24850,2022,53568
17467,2021,43860
115000,2015,11995
72000,2015,26500
162000,2008,6500
47589,2017,45500
6548,2023,41999
10339,2018,36990
32092,2021,35113
85275,2014,23998
138000,2016,10990
87500,2003,16999
34920,2013,38900
27224,2020,65999
25000,2018,52000
14642,2021,48500
162000,2015,13999
101800,2017,36500
84351,2021,42691
26930,2012,6700
40698,2019,42886
40000,2020,112500
30000,2019,29000
78980,2007,10600
28844,2007,69995
21028,2020,96900
5409,2023,88950
12700,2020,69900
19000,2021,25900
12000,2019,48000
25717,2016,33900
12055,2022,44400
69700,2011,23000
25013,2020,55000
1156,2023,54900
57939,2016,27500
52694,2018,49999
54000,2015,37000
110500,2002,27000
97500,2000,10000
20909,2020,35387
77648,2013,40000
79422,2013,64000
53850,2002,16900
21832,2020,42000
41932,2017,18700
110000,2017,34999
67400,2020,47500
62662,2017,24000
102000,2015,18000
79785,2014,16488
166549,2017,24950
190656,2006,8900
7928,2016,37500
135606,2009,15000
14700,2023,39900
12985,2019,96000
4200,2014,64995
44000,2017,23500
66000,2015,12000
17945,2021,89900
106700,2013,17500
120000,2020,55000
59600,2012,19900
117220,2012,8900
85200,2022,67500
63450,2018,24325
73000,2004,22500
115000,2014,11495
56000,2016,49900
67296,2018,40900
179200,2015,16000
28000,2015,44999
155000,2003,55000
154000,2012,8500
62500,2012,18955
177700,2000,2500
83700,2019,26000
65000,2012,21500
62808,2018,38598
3000,2021,49500
119000,2012,12000
198868,2013,25000
188000,2011,8500
157405,2013,10750
8228,2016,62500
73101,2018,42950
10950,2018,60995
63160,2018,47000
31866,2019,68900
75000,2009,18900
98000,2016,36000
33576,2012,18900
123200,2012,12449
112000,2013,8800
68000,2010,19500
120000,2012,14500
45000,2019,46999
6700,2022,39500
6785,2021,108900
40900,2015,59750
74150,2018,45000
94448,2014,15999
108000,2015,19998
118000,2012,17000
38800,2020,57500
55000,2017,40000
34967,2021,49999
85325,2016,30000
63750,2018,36000
87248,2016,19999
112854,2011,11999
1150,2023,96850
10000,2023,48000
14100,2022,53000
14360,2023,85495
10000,2023,32000
217500,2015,20000
73846,2021,60995
40000,2020,45000
9980,2023,82000
41997,2019,24995
2000,2021,39000
42750,2016,22999
19473,2019,31698
35340,2019,23000
93000,2008,12000
66150,2014,47995
19352,2022,54599
81000,2020,64800
183000,2011,16000
44000,2004,24999
18100,2021,51800
40000,2011,20000
120000,2011,31999
325,2023,84997
55000,2017,39100
6987,2021,749950
48500,2019,44999
52000,2018,50000
179000,2007,17900
42626,2019,42000
65900,2018,34700
7523,2022,54543
34365,2019,59598
16949,2021,24995
7968,2022,104999
61000,2018,57500
100564,2018,23105
13700,2022,39500
38612,2021,42242
155000,2005,7995
56000,2017,35750
15107,2022,114900
44459,2022,22945
31000,2017,38000
44000,2012,22222
22558,2018,47645
116157,2003,14250
23500,2018,50000
28150,2008,31000
137500,2016,29500
2284,2021,157500
350,2023,195000
169000,2017,13000
17761,2018,243900
8949,2010,30000
25108,2020,66000
103000,2016,33999
87600,2003,32000
1087,2022,279000
76753,2015,15999
10500,2019,79500
199000,2011,9250
127980,2007,9999
16307,2023,71400
13566,2021,57900
22588,2022,52598
41452,2019,22500
57500,2019,32990
500,2020,70000
55000,2014,30000
8210,2021,55000
18160,2021,46850
4279,2013,70000
39748,2013,54995
65000,2013,20500
59000,2016,25000
22700,2022,47000
56578,2018,20900
153332,2010,10000
89700,2013,17999
118600,2002,5230
23400,2021,52000
110000,2015,29000
87888,2008,11990
73800,2015,26999
78124,2015,21500
91000,2015,19000
114000,2003,10700
76000,2015,21000
146500,2008,30000
26021,2007,53999
73000,2015,17200
153000,2009,8700
67550,2003,30000
170000,2004,8500
53000,2017,47500
54900,2019,48500
89000,2016,24000
6200,2022,49000
51808,2021,42388
89000,2013,12500
45203,2018,39853
14739,2022,61900
139105,2017,17550
45014,2010,109499
101000,2011,18500
93000,2016,30000
62500,2013,16000
75000,2008,29000
34455,2015,28000
130000,2010,15500
76170,2014,16500
194500,2010,9500
135000,2008,5699
33000,2021,26999
98700,2010,10340
72900,2018,35500
135000,2016,20000
2550,2022,60000
35289,2020,35470
14636,2022,46599
24847,2005,13046
29558,2019,25884
6581,2023,59900
22000,2020,83999
68200,2017,15750
2800,2023,175000
51300,2019,48295
133500,2008,18500
49000,2012,19900
125470,2008,8000
81219,2008,8500
19500,2019,25000
20561,2017,105000
33655,2016,62900
135140,2015,23500
73000,2015,17999
55000,2017,58000
87000,2013,10000
137825,2006,4000
184421,2008,5000
95000,2015,14900
26468,2022,27875
55050,2003,34995
54200,2021,23800
109762,2002,15000
92080,2012,14500
1798,2023,53000
167500,2006,14500
2500,2023,84000
77000,2016,24000
19850,2019,24000
3400,2023,57000
3596,2021,56900
130200,2009,28900
48200,2017,24998
183544,2016,22000
14900,2016,39000
4200,2022,65994
15698,2012,19000
1750,2022,65500
34800,2022,46000
35580,2020,46998
71400,2006,14990
9260,2003,22000
28500,2023,67800
91900,2008,8900
130000,2004,7500
56860,2013,21995
44300,2017,20784
120000,2014,20000
72500,2013,31450
72000,2017,24200
132000,2011,11000
7585,2018,599000
18500,2022,42000
42000,2002,15999
4624,2023,56998
106000,2006,19500
13610,2022,27450
16876,2019,209900
8911,2023,77430
48641,2021,43666
11250,2021,70250
126000,2007,9000
77750,2008,21000
27363,2020,35000
30951,2019,80140
208,2023,89000
20386,2021,32999
45253,2018,24995
144000,2016,18400
76163,2004,20500
61300,2015,20150
35698,2017,8750
27000,2010,22500
162000,2015,11500
77800,2008,28500
55000,2014,19250
12000,2022,65999
70579,2017,42250
107000,2010,17500
42653,2021,38998
193783,2008,10000
123000,2014,18000
130000,2011,7000
143346,2009,3000
112465,2015,11995
5121,2023,28196
137273,2012,11000
299,2023,92500
70780,2018,35700
55000,2018,37900
23151,2017,84500
152000,2013,8500
23344,2020,36999
87092,2016,19500
90625,2004,5500
44373,2021,36000
26000,2021,37000
20760,2018,55500
39102,2021,51798
39615,2019,28900
58000,2019,36500
148000,2013,10000
104000,2011,20900
46150,2013,17000
18860,2022,74500
28399,2017,55600
95170,2005,24900
95450,2006,42000
7652,2022,39998
169000,2011,10999
16744,2022,46999
1025,2020,299000
152000,2004,7999
46000,2020,54999
8000,2022,85000
14770,2016,254900
84421,2016,36800
4760,2022,229000
44691,2021,56900
11700,2022,33000
2800,2019,91000
58000,2010,8000
142500,2009,6999
191900,2007,9750
63398,2016,19500
162750,2008,7200
38383,2012,36949
1837,2022,179900
36294,2022,77535
90818,2011,8300
32000,2018,22999
94650,2019,37000
49899,2014,72999
55000,2011,35000
23700,2015,42800
46000,2018,59500
12118,2020,52900
64000,2001,21000
22169,2022,57352
1575,2020,469900
46897,2021,69000
3369,2022,139500
135000,2011,9999
125000,2015,15000
134000,2017,32999
143250,2014,12999
82975,2017,31000
91700,2016,13999
72393,2018,35000
71000,2016,21500
160900,2012,15000
40208,2020,38000
77300,2017,30000
16700,2017,26500
112000,2013,9999
55250,2016,49999
69000,2020,31450
1560,2023,599995
40570,2016,30490
46500,2020,35200
26900,2000,35000
5779,2021,41329
12000,2023,54000
30301,2022,68420
600,2023,91995
22300,2001,28500
9275,2023,43900
171750,2004,12998
76500,2013,28000
49000,2018,42995
75000,2011,74000
133300,2007,3000
99700,2007,8500
126700,2011,14000
28000,2016,36995
21300,2012,38500
92000,2019,51900
92149,2018,52889
25756,2015,49995
24534,2021,21900
58100,2018,53499
20220,2017,32324
40069,2019,27500
60930,2017,23750
7300,2019,27900
34000,2018,25000
56000,2012,18000
136000,2014,12000
31100,2020,26999
12100,2012,37900
51902,2021,57480
93000,2007,10995
99915,2016,26500
7661,2022,49599
177000,2007,10750
100900,2008,6999
107380,2017,17500
32957,2021,77900
45000,2016,16500
67000,2013,15500
12600,2021,47000
24882,2018,59800
6900,2020,43500
66075,2019,23754
68050,2021,29600
128000,2017,50000
9472,2021,51000
185963,2009,5100
52000,2019,19500
68653,2015,18950
151896,2004,7900
43671,2019,44950
72128,2017,45985
134207,2013,5500
26470,2020,29900
82300,2018,35000
124000,2015,24000
23823,2020,49995
222600,2002,4999
9500,2021,279900
154247,2014,12500
128000,2008,23500
70000,2008,13000
52375,2016,48600
100574,2016,17500
85000,2014,11250
3959,2023,48998
10400,2021,72900
19200,2019,41500
81000,2013,13000
17451,2022,77900
165000,2011,4000
124,2024,145000
117500,2013,6500
72500,2018,60000
265,2023,279950
21214,2020,117900
55564,2014,22500
1090,2023,68750
43500,2019,30000
35000,2019,83000
92031,2017,30000
128032,2016,18000
18800,2018,26000
2900,2023,117500
91600,2017,26000
91843,2019,30500
28105,2021,32455
73350,2017,37000
11875,2022,41598
47000,2018,49900
67000,2017,23000
117660,2016,19500
71448,2001,10500
86000,2015,29500
15324,2020,33364
29400,2013,29000
68871,2017,28450
126000,2012,17999
25718,2007,17900
67210,2015,51950
27214,2018,40950
42728,2019,45950
97395,2010,6699
91700,2015,12000
94500,2011,27000
196300,2014,10995
54259,2015,19425
36267,2021,39798
175000,2015,19500
159000,2015,26900
74000,2016,32000
82963,2011,20995
54323,2019,27998
59980,2019,29000
10120,2022,39998
25000,2017,65000
126000,2012,12700
37428,2020,61599
99499,2014,15000
90742,2012,12980
125000,2014,22500
71669,2018,20000
44692,2019,32368
16002,2018,74900
86000,2014,41500
56000,2019,42000
41789,2017,42500
60109,2014,9499
48000,2020,49995
122000,2008,11500
102800,2012,16000
15544,2022,28000
69771,2019,27500
2118,2023,41998
28260,2021,72950
6025,2020,27500
32697,2018,15900
239000,2001,8000
34150,2017,45999
9642,2022,38999
100545,2006,5995
11111,2021,38998
162000,2007,23977
87555,2020,31650
102200,2015,25000
18950,2013,77999
16000,2015,30500
19250,2022,86999
65000,2015,24995
110022,2007,6250
79089,2012,46999
2533,2023,64900
96273,2014,15495
22187,2020,45480
137000,2009,20000
60747,2009,71999
36500,2007,16000
19590,2021,54999
16850,2015,95000
4500,2021,105000
194000,2012,4900
48210,2020,47449
81500,2018,41250
77107,2021,39995
58664,2015,20950
145000,2004,8950
15055,2018,59000
67647,2015,28000
915,2021,159000
46873,2003,11500
53169,2021,81500
35700,2022,51900
112600,2014,13000
112552,2015,24440
127273,2003,15000
189887,2007,3995
76465,2012,22500
136400,2007,6750
79635,2004,13500
4665,2022,46598
170000,2011,4000
67650,2018,30000
119850,2016,19000
116500,2008,15999
169802,2010,9985
36905,2021,50000
8400,2022,47000
149961,2003,12500
84500,2014,41500
3254,2016,399900
96000,2016,65000
88000,2009,57000
35322,2011,94900
32500,2020,32000
71280,2016,22000
37200,2011,27500
94291,2008,14500
54082,2006,17000
7800,2022,66000
86250,2016,22000
75479,2016,27899
24650,2017,50000
102750,2013,20000
50000,2018,27500
72700,2017,27499
54293,2018,49000
16000,2018,30500
19500,2006,129000
71000,2014,16700
60000,2019,36500
36000,2017,21000
76422,2019,28998
42600,2016,31950
211,2023,99000
98888,2017,29000
64532,2019,19395
75500,2011,12975
32000,2019,27000
47839,2019,24991
98413,2013,34900
9628,2022,78500
6397,2021,172900
22564,2022,44998
110000,2015,28000
105,2022,200000
186117,2004,13000
103500,2002,12500
8074,2019,76700
43000,2011,50900
70700,2015,23000
42479,2022,28495
205000,2000,9950
22300,2019,38999
104000,2017,19995
13865,2022,29182
15882,2022,84995
12209,2022,104900
10483,2021,60998
31150,2017,113000
44000,2015,12700
109000,2003,17500
31350,2020,62450
30000,2021,62000
66500,2012,19950
96600,2012,17000
198000,2015,14000
91877,2013,24000
45578,2018,45023
54000,2015,19996
52000,2020,55000
23044,2020,72598
132500,2008,35000
256000,2006,4000
31370,2009,65700
67303,2008,4900
12000,2021,99900
16500,2023,54000
28800,2018,42900
88000,2019,39900
18515,2018,60867
92813,2018,30499
2100,2023,172000
58600,2019,29000
74500,2015,33900
33500,2018,51900
222,2023,69000
75124,2007,16499
15500,2013,45000
34300,2020,52500
82000,2019,32471
3389,2023,38598
10000,2023,145000
96000,2005,4999
7751,2021,41950
66250,2017,59200
109000,2012,14945
60000,2015,17000
14700,2020,63000
9006,2022,56999
13400,2022,33499
28570,2020,55998
78000,2018,44700
134000,2013,29995
104994,2013,9000
31500,2016,103900
30000,2020,28900
490,2023,124999
18000,2020,105000
67000,2017,37999
8263,2021,29000
35003,2021,40999
80000,2008,31000
6200,2022,99999
74595,2014,32450
87066,2013,20999
38360,2019,49936
38000,2020,41999
69641,2018,23995
1275,2022,47999
60000,2001,25000
99450,2014,21000
200,2023,82500
68000,2016,32950
212000,2010,9450
73091,2019,58500
9400,2023,31500
117697,2014,16975
95428,2015,55000
116300,2017,31950
56778,2019,41899
5682,2023,48698
37000,2017,31000
103748,2015,8500
86000,2005,22500
125900,2013,21000
6200,2023,48000
85000,2019,52500
19324,2017,75000
49273,2018,54000
42094,2019,32000
44000,2017,55000
148377,2012,5500
70000,2010,22000
143290,2016,33490
69205,2019,73500
123500,2015,25650
70773,2018,30950
109000,2015,7599
71097,2014,18995
76309,2013,12000
26609,2018,36998
4126,2023,155000
80400,2014,15000
123620,2010,9900
187883,2011,5500
45000,2020,133000
25420,2022,24500
129999,2011,29999
41048,2008,38490
72500,2010,6750
143390,2014,13000
68425,2018,23500
95000,2018,33000
29000,2019,49500
145000,2003,22000
29700,2020,68000
98658,2011,14995
97615,2009,10500
36000,2014,37000
61874,2021,22389
74582,2012,8500
51500,2013,23900
193827,2007,14950
53433,2019,36950
103000,2012,40000
59000,2016,20999
82000,2017,32900
60000,2016,45000
93971,2017,47000
62600,2015,27500
84450,2014,19000
18099,2022,40798
76500,2014,17999
74000,2017,19800
15607,2022,45999
111095,2014,26000
37216,2007,14995
25786,2015,38500
15520,2021,40459
49583,2021,42816
97300,2015,29995
89000,2002,10400
52111,2015,37500
75800,2019,35998
113500,2010,11000
155382,2015,13500
49643,2016,33995
76474,2015,32000
10431,2016,50999
190120,2009,12500
92000,2020,29999
24000,2017,32000
25396,2020,43250
167000,2001,6500
18645,2022,49700
28470,2018,147500
54000,2016,23999
83000,2003,2900
10071,2022,40598
43329,2021,43642
51400,2015,43000
153800,2015,23000
9000,2022,115000
10800,2003,65499
10458,2020,48815
84709,2014,13800
33500,2019,45770
98000,2015,32999
94653,2008,7300
9281,2023,85000
11806,2023,47000
48613,2020,61500
2990,2023,69900
124747,2005,6900
24000,2021,42000
113000,2009,5499
89106,2017,18000
22000,2017,53000
20472,2022,28298
8600,2023,78990
4753,2022,57000
65000,2010,8900
15000,2021,43500
42400,2014,26500
15840,2023,69900
76200,2016,42000
105667,2019,39000
51338,2019,49900
76857,2016,8100
80200,2019,42500
244200,2002,3950
38560,2014,28500
12500,2020,84999
45303,2016,20999
110000,2014,9495
66200,2011,16499
71000,2003,14900
81301,2019,30275
7033,2019,63900
36000,2020,62000
116000,2010,9000
42780,2018,41100
39886,2014,26000
151400,2014,15400
48000,2017,20500
8727,2023,44596
79000,2011,80300
54000,2020,34000
110000,2016,25900
49688,2020,24900
14000,2020,48000
5000,2023,110000
11597,2022,68590
86101,2017,72777
58816,2017,36590
77856,2016,30919
20069,2021,229900
115282,2015,12433
30700,2016,138999
103726,2003,5995
39800,2008,13250
79500,2019,33333
165520,2008,9000
92000,2014,24000
1500,2023,55000
38100,2008,19950
42125,2018,38999
86818,2014,33500
3490,2023,95580
111300,2008,7900
98200,2011,27000
42500,2018,53999
171000,2001,15000
11649,2023,39999
24933,2013,40250
99769,2007,29995
16156,2022,39390
67250,2008,11900
30022,2021,74500
42596,2017,78000
33705,2021,36995
63300,2016,31000
4700,2023,52000
27256,2020,42998
107481,2010,13500
61700,2018,25900
128000,2017,26800
26000,2018,39000
74000,2015,29950
54900,2012,28900
141775,2012,11500
63250,2001,12000
13895,2022,44998
10654,2017,449991
35900,2014,27900
48306,2022,71999
125000,2012,10500
37700,2016,38000
103000,2017,36000
45303,2021,25382
53900,2016,27500
54000,2008,20000
129000,2007,17950
10232,2022,44646
3708,2023,58998
167000,2018,14500
37000,2019,58000
10419,2022,24998
96238,2014,22500
12700,2022,38500
244000,2007,16900
124000,2015,25000
123000,2009,15000
24900,2022,49900
95500,2016,20000
4283,2021,479995
48300,2021,82000
94000,2008,25999
183000,2011,12000
126225,2013,11500
87892,2016,16000
45000,2012,41500
1023,2022,156900
106000,2015,37500
51300,2019,25500
30176,2021,28979
27598,2021,39884
107000,2012,9499
17500,2019,65000
117878,2017,42000
138700,2010,7000
152068,2009,12350
77000,2016,26999
26000,2017,37000
131200,2014,14000
83280,2017,20599
59000,2015,53500
15500,2020,30000
90000,2013,19950
94000,2006,10995
63750,2008,55000
95500,2011,15990
37900,2019,26000
13250,2015,154900
76249,2019,40995
81000,2001,39000
37806,2022,60894
151544,2010,17700
60345,2012,26950
90305,2010,12000
13275,2022,42599
8660,2018,45000
28220,2021,73600
97700,2015,39950
4200,2023,98000
27404,2020,199991
100000,2016,24000
333361,2001,17000
63295,2018,29993
3000,2022,96500
102604,2014,25500
39800,2017,99000
124000,2019,40100
12080,2022,36750
39300,2018,69500
51000,2019,29000
250,2023,97500
67000,2017,35999
95400,2014,14195
136991,2013,11000
3959,2022,55000
47500,2020,31000
176691,2005,13000
33000,2021,55000
34600,2014,27500
84500,2014,34000
36100,2022,37500
92225,2015,17000
17500,2020,25695
114323,2011,6000
92000,2014,27500
29025,2018,29998
17000,2021,65000
96476,2015,13000
36311,2021,39127
56842,2016,35000
23677,2021,29510
27340,2020,31700
26177,2020,41986
122348,2009,10000
98000,2015,22500
32300,2019,29000
18997,2019,26750
40350,2016,67995
156856,2011,14300
1919,2022,289991
61773,2017,46000
74500,2011,22000
99000,2016,5000
63496,2008,15000
18465,2022,47500
42635,2007,72995
99000,2005,18900
87500,2013,13750
138000,2007,6800
70891,2018,28995
55403,2020,29444
3213,2022,89995
142314,2005,21999
53000,2013,36740
120250,2014,7500
72329,2015,29500
153692,2007,9995
32670,2021,37000
235000,2018,18000
8681,2022,82000
98400,2012,18000
1400,2023,46500
32000,2018,29999
75151,2021,130000
94000,2008,12500
67350,2014,18700
66500,2001,21000
70612,2014,14500
112630,2007,11500
124705,2014,6499
61000,2018,34000
157272,2017,32999
84000,2015,20399
27981,2020,47500
18000,2009,63000
27123,2019,38200
3053,2021,83900
60251,2015,19000
5093,2021,28000
31875,2018,115785
175722,2005,7000
17900,2015,59900
142792,2015,22999
53814,2001,11800
89400,2010,26900
86000,2007,15000
61595,2008,5000
74000,2018,38000
130000,2004,16500
86000,2015,29000
140600,2008,7500
27532,2018,27900
91000,2017,12500
63000,2014,28500
10500,2022,49999
75073,2014,21500
140000,2008,9000
30300,2019,30500
139000,2009,4200
118000,2006,17900
51000,2015,53000
69423,2009,36500
52284,2017,12500
111228,2006,4000
52300,2019,49900
95993,2021,32612
26716,2022,47541
39517,2023,67190
31600,2019,41000
83298,2017,18300
95212,2017,31599
61600,2010,51750
130921,2011,12000
41000,2020,45515
1500,2024,90000
79950,2017,17390
31500,2021,95000
61000,2017,140000
45867,2021,43449
22700,2014,85500
43000,2009,48500
99000,2015,27000
135000,2006,16900
46000,2019,29000
79615,2014,10995
13250,2021,86900
41200,2019,60500
116500,2016,30500
24059,2018,87150
118500,2015,15400
15097,2020,99998
20000,2018,43000
10426,2020,30798
9500,2023,63500
134000,2006,8500
10500,2022,32500
53100,2018,17500
80134,2017,13895
24000,2021,25500
61000,2006,10299
19700,2021,48000
28182,2018,84500
59500,2017,21000
85500,2018,35899
51000,2020,44900
17500,2021,45000
132000,2011,9999
67882,2016,32798
62000,2018,30500
12454,2016,210000
27965,2017,58000
119000,2013,20500
48000,2018,32000
5541,2020,56598
29000,2018,19500
131100,2010,12995
102242,2015,11498
18069,2016,79999
13000,2023,31900
51000,2008,69500
137333,2007,10000
125559,2014,11200
88161,2020,48889
101900,2016,29000
159500,2015,18800
68860,2015,15000
43000,2018,30499
182000,2017,16500
21404,2022,49500
81000,2017,27000
62257,2021,42590
91798,2016,22998
82000,2011,20000
207100,2012,15000
450,2023,124000
77945,2016,30000
15583,2022,40599
37100,2017,26125
51000,2006,18000
94000,2017,26000
121886,2003,6000
157500,2008,15000
138415,2014,15500
110000,2012,10200
8532,2023,109900
12941,2021,51500
69764,2009,19500
90000,2003,24000
8193,2022,42598
43277,2020,43599
26500,2018,38000
36021,2019,35670
25462,2019,36139
35850,2018,33000
77700,2008,6300
23600,2021,42999
8870,2019,215000
122000,2001,7800
245000,2003,17999
4700,2022,134000
84100,2016,34000
33000,2021,40000
10065,2018,59999
3811,2018,148500
44457,2021,40598
139355,2013,20900
9100,2010,55000
10500,2019,77900
5006,2023,59590
55000,2013,18000
33500,2021,71000
126500,2014,15000
79000,2016,24000
19000,2018,145000
57000,2021,52000
4880,2020,57998
6523,2018,143900
127000,2005,14000
89500,2002,15999
97000,2000,27500
31181,2021,42442
16425,2020,33200
11238,2022,54798
97146,2005,7999
36670,2015,39998
44800,2019,52500
150000,2015,17100
38400,2020,32100
7960,2008,81500
117000,2007,9975
159,2023,95500
30200,2017,139000
91545,2012,8999
110000,2015,26499
105100,2017,23300
110000,2012,15600
81778,2019,32769
168422,2010,10900
80500,2018,34900
81200,2018,28825
6246,2020,267950
20172,2017,47500
145000,2005,22500
162000,2009,7500
13554,2020,124995
59700,2007,9500
30930,2020,28900
51983,2009,19999
22000,2022,50000
16800,2023,45000
16000,2022,73995
22295,2020,23599
33000,2020,188500
1025,2023,85000
89190,2013,15499
53550,2020,39687
56946,2021,26299
11684,2016,54900
45617,2018,51000
75466,2018,34500
19513,2021,84645
15636,2021,33531
69600,2018,40888
138050,2011,16500
132269,2017,35900
45815,2020,37700
25352,2021,48459
120000,2008,8995
75151,2018,45000
74139,2016,23000
68500,2012,17800
37366,2020,51890
35315,2021,66900
61000,2017,15995
12050,2022,41599
150000,2001,9875
46200,2016,41500
88000,2014,15500
47000,2015,30089
50340,2017,47000
67800,2010,13999
150000,2002,5500
13500,2018,54000
101750,2007,12900
18385,2022,37950
123500,2008,13500
117000,2017,38000
86121,2010,13600
22466,2020,45900
80000,2017,23800
23152,2020,28250
91300,2006,9200
45000,2020,28999
1885,2023,93500
73049,2018,30510
7250,2021,38000
44000,2019,29000
85500,2014,26900
18083,2021,43999
22703,2005,220000
111000,2011,10900
115000,2013,14000
33400,2021,28000
136000,2007,12500
26800,2021,44000
30000,2022,51999
251634,2008,10500
119000,2005,3500
28121,2021,89000
111000,2009,7900
116500,2016,14311
199296,2005,4900
202,2023,179000
11200,2021,47500
56536,2020,26599
49600,2016,32500
13600,2023,65000
59700,2007,10000
19000,2018,44888
17300,2002,33999
91140,2014,13500
33000,2015,65000
52775,2019,39799
113000,2011,5800
13000,2022,60000
77925,2009,16500
106500,2011,22500
15175,2018,19212
137000,2017,10995
111000,2015,15000
49208,2019,62425
44000,2018,39000
26000,2017,45500
1800,2020,76000
3771,2021,259991
50000,2012,26497
93000,2018,16000
15000,2020,129000
119500,2016,15000
50000,2016,36000
85000,2011,21500
48000,2019,29999
11756,2021,33400
50400,2018,28500
153600,2012,17500
1869,2023,164725
31917,2022,64683
56235,2016,50500
28724,2019,18300
124400,2015,9500
137000,2020,46000
38686,2005,99999
6600,2022,72900
67200,2007,11500
16554,2021,51698
15736,2023,67900
153460,2005,5800
70000,2012,15051
143898,2011,9950
26190,2003,22000
209193,2000,15900
27839,2018,41688
141195,2018,28499
20250,2022,68500
18333,2022,41599
35000,2014,29998
133255,2006,4000
14526,2021,79998
43690,2014,23500
29136,2020,58598
72060,2017,24590
8800,2023,68500
85768,2015,8250
2235,2022,110000
121521,2019,26772
23700,2015,144940
124000,2013,11900
32260,2018,20999
92000,2015,28000
269885,2010,22500
51855,2008,35900
124000,2015,12900
26000,2015,52500
36500,2018,25500
1400,2022,54900
17000,2018,38500
42750,2021,25698
67998,2011,30000
64500,2008,16000
102000,2007,24900
145000,2004,15500
50000,2018,55000
37622,2004,25500
89987,2006,9499
136390,2015,20470
27000,2015,33000
144770,2004,6500
157000,2011,23500
132000,2010,8500
137000,2002,15000
50992,2018,28000
105760,2010,12900
29800,2018,68495
21000,2019,42000
169900,2006,16900
196000,2008,6499
180036,2009,9100
57918,2017,33500
98600,2017,26500
120000,2018,55000
14269,2022,80000
6875,2022,89000
55100,2019,28324
49000,2012,41500
74600,2009,15000
45900,2019,41500
95271,2015,12468
88883,2021,33172
43000,2013,35000
33700,2018,12000
95115,2016,43640
25250,2005,44000
20200,2007,27500
104457,2013,17900
8984,2018,171900
76000,2017,41400
56247,2020,39244
61000,2016,21000
9111,2019,27599
100900,2015,21998
24207,2021,43430
9411,2022,47998
21000,2006,47500
136150,2019,22500
78414,2009,28750
60800,2019,19900
16400,2022,34000
62200,2018,35707
72903,2021,53998
142215,2003,5000
150000,2007,8000
167500,2015,18000
110450,2016,11000
106000,2014,23000
92728,2017,34900
17000,2022,44000
75200,2016,22000
1800,2015,64990
36283,2019,39598
6682,2023,47798
23399,2018,28999
29720,2017,29500
56000,2009,44850
59419,2020,73000
69100,2018,32500
22185,2021,131999
29586,2008,47900
63866,2021,41885
135484,2016,29748
78500,2014,17900
7982,2012,51900
1795,2022,269991
1067,2022,48000
152000,2017,15499
185000,2011,8900
97724,2007,19998
22227,2020,25980
111000,2016,13000
32268,2019,46500
122009,2019,18998
57785,2020,63995
204884,2002,21500
179400,2003,15000
57000,2009,14000
25997,2021,87000
36555,2022,64288
989,2023,122950
28514,2007,32000
10400,2019,40000
51133,2020,25800
85000,2018,33000
95200,2000,11999
68575,2015,26000
12300,2011,45000
13900,2018,54490
58800,2001,9000
30700,2016,21500
104000,2005,44800
139116,2019,24899
36700,2019,48990
24500,2022,82150
65000,2017,65000
27654,2021,61998
542,2023,92500
41000,2020,38700
47400,2011,41000
40110,2002,18500
124700,2014,30000
31000,2013,35000
7100,2022,49000
91677,2018,26816
107500,2009,9500
1518,2023,194965
5200,2023,88900
87500,2018,28000
106335,2012,19000
133598,2017,29999
68455,2018,30989
28690,2018,38880
83000,2012,31000
38600,2019,54500
92000,2019,30000
134000,2009,9500
103000,2012,20500
176261,2004,3750
58500,2010,20000
64000,2018,64000
24881,2016,49999
82900,2013,16000
59257,2008,18200
81400,2016,26000
5100,2022,19500
67072,2020,38500
65000,2016,19500
80800,2014,10000
53401,2020,39500
15555,2021,62890
201509,2006,11000
107000,2013,14000
30500,2020,44000
36000,2011,20000
38514,2019,45998
4590,2022,64000
97000,2019,45000
110000,2011,6000
53000,2017,25000
110000,2016,30999
218000,2006,4999
106500,2003,9500
140500,2012,11800
144200,2010,9999
21400,2022,69000
130000,2015,24500
108045,2012,6500
10000,2022,28000
75000,2011,12000
73500,2009,7858
29850,2018,89750
135350,2016,19900
16983,2022,40998
35580,2019,49500
71200,2020,18900
24778,2022,36599
109330,2015,13349
6645,2023,43900
90400,2007,10199
192100,2002,6450
32000,2018,70000
6400,2022,41500
36180,2021,36990
142400,2014,13500
83000,2016,16500
80000,2012,14800
32437,2021,51000
67500,2011,18000
25882,2021,43837
12088,2018,169000
170000,2005,11200
3763,2023,92000
46000,2018,40000
190321,2008,15900
40950,2018,39750
42000,2014,45000
135000,2014,8500
20655,2020,42850
1877,2023,185950
33000,2019,59000
68000,2016,12500
405000,2013,6000
117000,2018,17000
183455,2007,7700
51890,2021,59980
59528,2021,68995
123000,2006,15000
20000,2022,29998
38352,2021,37400
13344,2021,83499
44300,2008,62000
123500,2010,9500
134000,2013,21500
57000,2020,37500
100312,2021,19980
16146,2021,239991
61000,2012,29000
15889,2014,34500
125500,2015,12950
163500,2013,16490
89726,2015,16000
93000,2005,22500
128000,2012,8500
70800,2017,52999
115000,2009,4400
98650,2018,56750
87768,2019,44000
6000,2023,48500
28262,2021,49998
16200,2023,36900
87500,2012,11499
85458,2013,9000
16500,2022,69500
83853,2009,6950
22500,2022,74999
99524,2013,24900
8100,2023,57300
43073,2016,17999
12425,2023,57619
23195,2020,38900
118000,2011,12500
65290,2018,26450
47885,2001,31995
13000,2020,39500
29475,2018,62999
78717,2017,17500
9142,2021,61500
106000,2011,9400
3521,2022,51074
90000,2016,16750
46000,2016,38000
18362,2020,60000
164500,2013,16500
55018,2020,25500
36466,2022,24980
14280,2022,36500
116000,2013,12500
16184,2022,46999
45000,2020,33500
102000,2013,23000
163000,2004,18000
3500,2023,129000
42526,2016,66200
144900,2012,6000
85000,2016,32750
16113,2022,111000
93000,2011,11900
11468,2022,50204
25470,2019,32500
90347,2014,21800
96000,2017,34000
80500,2016,23000
35000,2021,37499
121212,2020,18387
14381,2018,204900
13500,2022,86999
33214,2019,43500
29719,2017,31000
4520,2022,38500
84129,2017,14599
72150,2019,26999
94500,2015,30000
88454,2017,39999
81696,2010,9499
94100,2005,6099
17500,2022,46000
132252,2016,18998
4437,2022,42000
70500,2018,23000
170000,2008,5199
122000,2008,10500
57852,2008,13900
120321,2010,10500
178000,2004,5750
60255,2002,28750
77690,2019,43500
18000,2009,78000
125000,2001,18000
6449,2021,35999
33000,2019,27500
87130,2009,20000
73000,2008,11500
22354,2020,54900
6188,2023,53900
60807,2019,25925
105000,2014,10950
63400,2018,29900
4500,2022,86500
8025,2020,42433
49131,2019,55460
100346,2017,45999
62285,2016,29950
5040,2021,48900
12940,2022,46999
98385,2015,10500
43903,2013,12500
41650,2017,23600
31850,2022,60500
96419,2013,14999
170000,2007,7700
139000,2009,14500
134655,2016,18051
81000,2015,27890
9989,2020,324995
46347,2022,46120
4048,2007,38000
79876,2015,45750
44000,2021,18500
56910,2017,23000
65019,2019,40500
133409,2009,14999
74381,2018,22995
2925,2023,73300
67874,2013,18000
71500,2018,61000
71000,2014,22000
64517,2018,47995
55000,2004,24000
7580,2019,51500
135000,2010,3999
62200,2019,21500
69001,2014,19500
28567,2021,44775
78049,2006,13980
36821,2021,49273
23292,2021,73500
162671,2010,12000
100472,2010,9975
73120,2017,19950
23300,2022,67500
71000,2018,17500
16648,2022,70999
240000,2011,18500
119755,2013,19500
88000,2015,19500
41000,2021,50000
7458,2022,47500
23000,2022,43000
244000,2017,35500
46000,2019,37900
13133,2022,42998
45000,2017,29999
18385,2021,29255
25793,2020,52999
44400,2005,29800
104000,2016,10500
600,2023,103000
45000,2007,7900
24500,2022,64000
35569,2020,21999
35000,2020,36999
165000,2003,4000
15000,2021,69000
119750,2014,15499
90000,2007,12000
112000,2015,14500
150000,2008,16800
1912,2021,240000
82900,2015,13995
79500,2004,12000
60000,2019,37000
41800,2021,44900
71536,2021,49685
127558,2014,13715
13232,2023,45000
39000,2017,31500
11500,2023,54490
22200,2020,36800
7414,2023,56515
14586,2017,209991
32000,2021,50927
14700,2020,27350
79995,2016,23995
76000,2018,44500
62000,2014,18987
53500,2017,28700
9400,2022,31999
86500,2014,20900
148000,2011,9900
100080,2014,22989
2620,2018,155700
3099,2023,74995
78000,2020,29500
9005,2019,319900
16700,2022,31000
51300,2015,17500
8237,2018,62900
99000,2010,6000
62377,2021,26288
130000,2009,15500
94300,2016,28999
24115,2022,46500
82000,2016,16995
67686,2021,15700
96800,2014,28450
23097,2020,29900
31000,2018,197499
28898,2021,71000
7250,2022,35619
59459,2014,40999
78000,2012,22000
24213,2021,46500
21165,2020,46105
107750,2016,35500
117000,2016,26500
39132,2006,35000
94500,2004,9000
50011,2017,21495
215000,2004,7350
16616,2022,45999
33818,2022,46552
9099,2022,68362
95798,2008,9850
35943,2016,51700
106000,2008,4300
10400,2023,48000
2894,2022,63900
15592,2022,39985
33548,2020,57999
185000,2016,7500
6483,2023,96900
28886,2020,35645
26293,2020,49998
62000,2017,34500
101453,2017,18500
106385,2013,42900
86629,2012,20995
61258,2018,49999
121500,2014,15999
100,2022,62499
170000,2015,5995
232000,2010,3000
95000,2006,12500
103466,2013,14200
133121,2011,7900
162731,2012,14500
64500,2014,37500
568,2021,90788
80300,2015,23999
187000,2004,6299
181870,2009,6500
22600,2022,76740
37000,2020,50000
9728,2022,89000
152000,2006,13995
60260,2004,30500
33362,2004,17599
47907,2021,38436
17340,2016,29000
195500,2011,8999
74000,2000,4700
140500,2015,14000
212500,2006,6500
77400,2010,34500
118000,2017,15000
4400,2005,1599000
146200,2016,24500
39000,2020,43000
130000,2005,7200
33080,2021,47850
1219,2023,46479
41000,2016,25000
110897,2004,11500
49000,2016,75000
47000,2007,13300
57690,2018,15900
17941,2012,226000
54000,2018,46500
101600,2007,6700
89000,2021,34000
18000,2021,42500
55000,2017,25000
71964,2017,18750
92000,2020,50000
160000,2012,4500
95816,2012,12000
132600,2014,17000
149460,2010,10700
109646,2011,16998
90605,2019,27698
59000,2019,17000
48000,2002,21999
41500,2016,66000
54000,2012,75000
70455,2018,45855
84054,2018,21499
114528,2007,9000
111850,2013,26500
52673,2020,69500
31500,2021,54500
73000,2011,16000
59692,2019,35900
68364,2016,16000
47200,2017,29000
18000,2021,62000
158366,2012,8250
49700,2017,26000
81500,2010,12250
16975,2019,26990
5989,2018,209000
16100,2003,35500
54225,2020,67500
89500,2016,35000
87501,2013,17777
12370,2018,28900
12466,2019,28995
199000,2011,5500
78200,2007,22999
22000,2018,29500
100795,2016,12995
99941,2019,17816
23588,2021,38633
103000,2003,5200
91491,2009,7000
23131,2020,23739
77000,2019,18749
20500,2019,76000
500,2022,45900
49810,2019,33900
20229,2022,36727
10558,2021,75000
59300,2005,30900
34254,2004,64250
24364,2021,37998
139200,2016,22000
82046,2012,13999
26269,2017,25307
127131,2016,16770
31000,2019,179900
27000,2021,38400
93400,2015,18900
9200,2021,71200
76850,2014,32999
61160,2016,98000
146000,2005,15900
38957,2017,46750
33850,2017,16500
61830,2020,39860
108559,2017,15998
192000,2006,7390
83112,2014,15500
52000,2016,52000
57300,2020,43500
104500,2008,4100
18000,2013,29000
39000,2019,51999
38000,2020,45000
15168,2016,115000
167506,2012,6500
166000,2012,13000
19200,2021,82950
46000,2022,75000
201000,2007,7200
87000,2014,8900
145000,2015,24950
33060,2020,36500
10550,2021,67800
89500,2014,18000
27000,2021,37500
87250,2010,18500
76495,2016,13000
70503,2016,15500
41965,2009,35000
146000,2003,4200
9000,2023,82500
1050,2022,40000
22270,2021,89900
19900,2012,26500
19800,2020,44990
113500,2012,17900
22000,2013,150000
3300,2022,54000
41615,2016,12000
11860,2022,92500
27000,2015,52500
22101,2022,29430
46452,2013,22888
36000,2019,26500
13100,2019,61950
50000,2019,27000
19500,2018,32250
36000,2016,31000
21000,2016,217000
6640,2022,51999
74850,2016,21900
117000,2014,10900
51400,2016,39900
6000,2022,57999
128000,2006,37999
15000,2021,39995
119000,2016,29950
87500,2006,12999
149000,2011,7999
54700,2015,20995
45979,2021,38532
56846,2017,29000
94100,2017,49900
80150,2017,22500
11563,2013,12300
7500,2022,84000
15615,2021,78000
113000,2013,16000
74000,2018,15000
99200,2011,11900
36824,2018,23999
186040,2005,6700
58000,2020,27700
31250,2020,42500
43000,2020,46500
41199,2020,41598
22000,2022,45000
12900,2022,53000
10500,2022,50000
74725,2020,21612
61117,2021,26485
142000,2003,4800
31000,2019,34700
129355,2012,7950
204000,2010,4900
115600,2016,22500
1563,2023,62500
72166,2007,35995
26100,2018,37899
58880,2017,21000
26000,2021,104000
190640,2008,5500
37500,2020,59900
13856,2022,54000
225000,2013,13600
123256,2014,24995
11459,2021,88900
67289,2016,20490
56837,2013,10500
44168,2002,30000
59766,2019,26900
56300,2018,29950
167000,2004,8000
122770,2015,27499
59271,2019,54995
102000,2015,24500
40929,2020,44800
22000,2019,174900
19200,2022,69790
32376,2019,128000
19800,2023,134900
105000,2011,10000
122650,2016,38900
14000,2022,34999
100868,2008,15397
111000,2013,15000
38500,2021,94995
41250,2020,21865
99600,2006,5500
198000,2013,11000
20598,2021,42599
52044,2013,76500
23777,2022,30000
60660,2018,46900
26000,2015,14999
61000,2018,21800
53750,2020,32600
13735,2023,77897
32580,2019,33998
96275,2006,52500
162000,2015,32000
92040,2019,24999
73690,2017,27000
48750,2009,17900
124542,2011,8450
69000,2010,20000
148000,2004,19000
122141,2006,10500
106000,2012,15000
113294,2017,16500
24423,2021,44315
28000,2022,68750
54800,2018,37050
161000,2017,17500
28755,2019,61350
52105,2016,20499
119950,2018,20999
80081,2003,12500
24500,2021,165000
4100,2021,55000
9670,2020,103500
63250,2017,18650
69431,2017,26500
108044,2015,31380
98000,2008,13998
52253,2019,34500
23850,2022,99750
1500,2015,39500
40000,2021,32500
38718,2012,31000
84184,2018,35998
13344,2021,56500
51850,2018,28900
119500,2002,36995
30918,2021,51999
1100,2023,92000
40000,2019,27900
100500,2005,9998
54320,2020,67000
49000,2018,23450
28000,2020,134999
1750,2022,275000
130000,2007,3499
3721,2023,69645
78101,2016,34500
54000,2017,16000
185000,2011,7500
49000,2015,23500
2043,2024,81500
71750,2016,28000
5194,2020,87500
42200,2019,27500
42717,2020,33500
102260,2016,31300
11089,2022,80900
37777,2018,32500
35921,2021,42995
1800,2023,54900
163019,2014,8900
14220,2020,35500
48879,2019,49573
117200,2002,15000
25000,2016,65000
74500,2014,11499
33300,2013,21990
123921,2007,6900
12800,2021,39990
21100,2015,80000
104733,2009,15000
53000,2020,38500
17570,2021,39998
63875,2020,41900
12500,2023,29999
103990,2001,10500
7000,2022,50000
9000,2023,92000
7800,2007,19000
69289,2017,20997
106000,2011,16600
68000,2020,55999
13828,2019,43000
39600,2018,26999
92000,2003,12500
5020,2022,36500
107800,2007,15000
23827,2019,34995
25300,2020,39900
399000,2016,24500
46200,2005,49999
3158,2022,85989
26000,2021,30900
12758,2020,107900
123500,2007,27000
26840,2018,42500
17836,2021,31933
114500,2012,16100
5400,2022,89900
17500,2016,15100
56000,2017,44600
20800,2020,19000
107543,2015,13200
206000,2012,5000
37100,2018,46000
19813,2019,51900
208321,2010,3500
200000,2012,9995
66000,2012,10999
41000,2018,113000
20623,2019,36800
86000,2018,26900
1766,2022,209995
51354,2016,73000
38000,2021,72980
161000,2015,11500
74750,2012,12500
67522,2013,59500
152000,2012,9000
71273,2019,23900
37800,2017,32500
42000,2019,48990
10101,2022,44990
7900,2022,92500
45468,2020,45999
187141,2017,16995
99100,2014,32000
33500,2021,34000
102665,2016,15450
52675,2001,16995
59203,2017,23000
60100,2009,27000
43238,2021,76400
118000,2007,3600
17300,2021,31000
64800,2016,50000
1408,2022,46798
15167,2015,35000
64600,2016,41000
31112,2022,83000
23250,2018,57000
63500,2011,10500
13464,2022,46999
64776,2001,7500
9601,2022,33498
135000,2013,14000
208864,2013,7500
49872,2016,21500
90367,2009,9250
36670,2014,82499
3752,2023,84620
30761,2021,44950
13438,2022,46599
9100,2020,49895
100600,2017,10000
223824,2011,4500
96000,2016,21990
185000,2004,10500
6900,2021,79999
96400,2017,18500
67865,2018,36500
64300,2015,44850
76500,2018,33500
96343,2017,53000
74600,2018,24000
157530,2014,9995
15000,2022,95999
80000,2012,30000
83424,2018,45000
19000,2021,37999
64000,2013,67000
34068,2019,46900
20104,2021,33295
8400,2022,59950
11938,2021,209000
24670,2021,72500
16478,2013,66400
52500,2018,35000
92500,2004,12000
62930,2008,10000
116600,2007,19975
172024,2010,7500
57237,2012,22500
44600,2020,28300
181830,2013,21000
39948,2021,36791
156453,2017,40000
156193,2014,36000
27989,2020,29000
146700,2014,24999
88450,2019,42900
14065,2020,27671
36844,2020,30427
49000,2020,44900
58000,2013,17900
22800,2021,52000
78007,2014,14750
36500,2020,69900
156350,2004,3990
17710,2021,59000
149000,2013,7850
90000,2015,16000
9990,2022,64500
28663,2019,29500
124250,2015,17900
50780,2017,61000
65000,2006,43000
22457,2022,40036
19361,2022,38298
43000,2017,16500
2076,2020,115998
9712,2018,188900
131000,2005,16500
31000,2022,43000
24158,2021,44900
72865,2016,22000
89563,2014,18995
72639,2012,15000
79000,2012,19999
111564,2012,11200
75000,2018,38095
169613,2007,5900
175000,2011,9000
98500,2017,24500
53000,2012,13750
72200,2015,52500
151600,2005,7899
20000,2011,51000
170000,2010,9000
69800,2019,34600
26300,2020,46199
156111,2007,5200
172600,2016,32500
145000,2010,9000
64309,2001,7500
15183,2021,90000
28548,2020,32063
14000,2022,46900
67000,2019,44500
84786,2017,23500
93000,2008,17800
127500,2010,6000
8000,2022,60999
16500,2022,32900
55700,2013,27200
42245,2021,76598
78500,2009,12000
48619,2018,51499
51105,2021,42700
25880,2016,25500
20100,2021,69995
25083,2018,34955
69300,2002,9995
46000,2019,40000
141485,2008,6500
63990,2018,48000
19400,2020,58000
129858,2013,13490
102000,2012,10800
8700,2010,39900
49279,2018,17500
148800,2004,6500
160249,2012,12900
45000,2004,6000
169000,2006,19500
46000,2017,56000
13900,2019,315000
38000,2015,21900
42000,2006,42000
300,2024,50999
120800,2008,13900
76313,2020,35234
104000,2012,16500
97097,2010,22000
136731,2008,15900
40200,2017,24000
39105,2021,44605
23567,2017,215000
12500,2021,90000
38900,2019,34700
84272,2016,25221
58375,2016,24999
7346,2007,40999
98231,2008,15500
56000,2007,18000
13935,2020,26000
30000,2019,21250
106000,2009,12950
82978,2014,18700
58500,2018,35000
92421,2015,51900
9927,2020,27518
122945,2000,13900
110250,2006,11000
103010,2011,13500
55359,2017,15599
118500,2002,5900
7800,2022,92500
41500,2020,68000
28000,2020,59900
53500,2014,24500
33523,2021,28748
86300,2016,18000
7738,2022,33000
22001,2020,173995
14361,2022,51500
98000,2016,30000
30455,2022,37698
64552,2020,36750
103866,2017,24700
35650,2019,57999
64957,2021,39979
33700,2012,33500
96653,2012,7500
29500,2022,31000
7400,2021,116999
69000,2012,15900
198000,2005,15500
23600,2015,132900
170000,2008,7000
76500,2008,28000
73500,2007,75499
29000,2020,70000
69404,2017,29500
103000,2007,12900
70500,2015,26500
64000,2016,36995
63460,2018,33000
32199,2018,35500
69487,2020,32000
86000,2015,49000
8730,2022,48219
70000,2002,8000
70000,2017,17900
83420,2015,16000
189000,2003,2899
31500,2017,97555
85766,2015,13000
92800,2018,34000
13970,2021,75500
154,2023,274900
265000,2000,15500
95426,2011,8000
119900,2001,18000
23162,2020,25495
3950,2023,83500
80000,2006,43000
94634,2015,32500
65000,2007,33885
100000,2008,11500
500,2023,59500
7856,2021,425000
181000,2011,5500
48700,2018,27900
13500,2009,130000
87500,2017,20000
45000,2000,12500
36187,2018,28895
13666,2022,27999
50500,2007,56000
19291,2021,44340
1295,2012,49990
55000,2017,49900
74000,2010,9650
14976,2022,49999
25348,2018,33889
23133,2010,35000
34322,2018,29998
39960,2021,28500
76400,2016,31300
18533,2022,38978
7500,2023,92888
26520,2022,64000
59500,2014,33800
44000,2020,34999
111000,2001,11000
82260,2016,31906
52744,2006,37500
28200,2019,79950
194277,2000,2300
91812,2001,12850
84224,2018,43775
66690,2018,24900
41500,2018,39848
85095,2014,24900
39000,2015,17900
20500,2022,46500
112000,2019,61995
1716,2023,39998
90360,2016,15499
82146,2020,30825
16850,2020,41000
101000,2003,28000
68750,2015,25999
5858,2018,491836
143000,2004,3200
152270,2005,6900
19605,2021,33591
19200,2020,69999
64500,2004,5900
149000,2011,18995
5918,2018,179900
37226,2019,34998
71924,2017,13700
5718,2021,279991
122200,2014,21500
37248,2020,54500
64800,2008,24700
112180,2014,12599
149130,2015,35000
88000,2020,35500
74000,2018,27950
44460,2019,34500
96000,2015,17000
75000,2005,17500
95000,2014,17900
49799,2016,37500
27407,2006,21750
23339,2020,34645
74122,2016,35900
14745,2021,38998
2700,2021,85950
190000,2012,6000
90236,2014,9999
4000,2020,50000
2220,2022,115999
124000,2017,32000
45163,2019,35690
49400,2020,20900
11256,2020,124900
13700,2021,75000
174678,2011,9500
1600,2022,59000
15509,2019,229900
69849,2020,48149
160000,2008,17000
40000,2016,9500
228000,2007,3850
187000,2008,6100
102000,2015,17000
48000,2016,24995
163500,2012,5949
1500,2023,149000
2100,2021,136900
66281,2018,63500
18000,2021,39499
27300,2014,21500
19319,2020,24899
32936,2016,90000
30450,2017,52999
38200,2017,29500
26315,2020,31871
110000,2003,8900
19700,2014,13500
192000,2008,11000
26000,2017,116911
98313,2008,7495
66500,2021,28500
19877,2022,18999
16100,2021,25500
83858,2016,27633
24108,2020,56000
42609,2020,32107
160000,2017,7750
121525,2017,28500
6423,2023,42500
62310,2007,12900
21444,2021,29995
112000,2015,29500
60000,2013,16500
153250,2013,4399
57000,2019,39900
140401,2011,16000
5500,2023,70000
2010,2022,89000
24360,2018,31500
96800,2013,11000
34988,2014,21500
65750,2012,15995
56654,2019,43860
140200,2016,10500
122971,2016,12999
227010,2008,3850
271000,2004,9500
13800,2022,234000
171079,2001,27500
24915,2021,44791
15577,2022,19599
102370,2014,21373
16000,2011,229000
122000,2012,15000
48500,2016,15999
53500,2018,31500
315000,2004,9200
158000,2006,8500
43850,2019,30000
73500,2015,19000
153350,2014,9000
74000,2019,25500
52000,2013,17500
250,2022,52000
145000,2017,8500
40971,2020,32500
248000,2010,14000
940,2023,146000
38000,2018,60500
128000,2016,19500
7455,2022,68990
92000,2016,19995
21450,2001,36000
43875,2021,29725
81327,2009,17500
72836,2021,41000
5072,2020,279950
161900,2007,4800
24500,2022,47000
14993,2018,44900
96000,2019,14980
7900,2022,108000
35566,2019,26000
113000,2008,34000
20678,2022,46000
10900,2008,129000
19079,2012,15995
155500,2008,6800
35500,2019,32300
52253,2021,25215
110000,2004,8500
59250,2016,18999
39000,2004,22000
155000,2008,37000
39250,2017,28900
23647,2020,37998
127941,2014,7500
124000,2014,24850
1500,2023,60000
70700,2014,15750
113395,2013,18800
18815,2022,61998
65000,2014,27999
23350,2019,48000
39000,2019,34000
48842,2019,39857
47800,2015,11500
52000,2022,28000
16000,2006,22000
7102,2023,40995
157000,2015,17000
9095,2023,59000
179700,2010,4500
170000,2006,7500
3420,2022,399950
93400,2021,69995
110000,2011,12000
22500,2016,78000
20800,2013,19795
100868,2018,23400
131986,2012,9000
127770,2016,13800
56985,2013,65900
106000,2014,11800
92671,2019,50000
49500,2019,55900
16741,2020,112500
133504,2011,23500
20296,2019,30599
55234,2019,19290
162482,2005,11000
42000,2002,11000
470,2022,71900
98300,2006,15900
53900,2013,27450
82849,2013,19999
25500,2009,79995
53452,2020,16995
40011,2004,23500
45800,2018,20900
15741,2022,45999
11100,2023,40200
36000,2020,44000
69750,2013,15999
19162,2021,38500
6046,2023,51598
17000,2020,21000
10832,2019,42500
173452,2004,4000
103338,2017,17238
28000,2022,53500
51984,2019,44870
8974,2020,79900
99999,2014,10998
59400,2017,21000
47147,2020,23625
53782,2018,29950
160000,2011,4700
500,2015,37000
42000,2020,19000
64000,2018,35000
28600,2021,23999
26339,2019,36750
28644,2018,41500
148740,2008,14500
16919,2021,73000
170000,2005,9000
130000,2013,26900
1889,2022,32850
62197,2018,26691
71000,2016,24350
83400,2016,22495
74414,2019,26000
29816,2010,38000
68749,2015,45000
190395,2005,5000
34152,2015,185500
98528,2007,7450
91500,2011,13599
50850,2017,37000
199400,2005,8500
84220,2013,26500
67280,2016,41999
16538,2021,25998
66000,2018,51000
53450,2018,49999
63277,2018,20900
30900,2020,21000
60854,2019,25498
85000,2015,31000
108130,2016,18500
11400,2023,46000
63300,2013,22800
27500,2020,44000
122600,2012,12900
145565,2006,4500
66500,2016,27000
75000,2017,20000
24781,2021,28991
67000,2013,24500
24500,2019,31000
37500,2013,26000
101000,2013,59000
25000,2020,49995
245000,2000,2500
49252,2021,37999
103814,2016,14995
27000,2021,48500
60942,2021,32085
100780,2011,12000
65000,2018,41000
167000,2012,19470
161000,2008,17000
90200,2005,12499
159870,2012,9750
14550,2022,41500
38000,2018,32000
35515,2002,21000
33300,2008,34500
90189,2016,17995
1148,2023,193063
59500,2001,6500
134000,2017,26500
86281,2014,18900
34580,2020,56000
145000,2007,4200
11737,2021,33687
25535,2020,68969
67499,2016,27500
220450,2004,8550
20200,2018,42950
40000,2000,15400
80300,2015,22000
63150,2017,21500
48210,2018,24999
115359,2012,9950
90601,2018,26000
132200,2000,26900
4000,2023,65000
32000,2019,32750
95070,2016,12750
148000,2017,13000
125519,2014,16000
90000,2013,14500
49650,2018,23750
149800,2015,11600
37161,2019,26990
188000,2000,10000
111700,2016,15500
72784,2016,34900
150000,2007,9999
140450,2012,8500
132700,2010,10700
49000,2020,40000
2058,2023,101999
23442,2019,44500
23749,2021,35999
35048,2021,52590
91239,2016,17500
2950,2022,131000
59678,2019,33700
2010,2022,55000
80354,2014,13310
105674,2018,34995
92700,2013,20800
101387,2016,16000
36544,2021,33290
41000,2019,39900
115872,2013,9500
135603,2011,7000
26540,2020,46995
35134,2011,12400
49990,2020,53000
153818,2011,29800
58060,2017,26000
36000,2015,84999
17000,2022,69999
99982,2013,6900
106000,2019,12000
82500,2014,15000
41500,2018,61000
92984,2015,17000
120000,2007,6750
25548,2015,49000
65441,2018,38000
39611,2020,89900
154860,2010,17900
7008,2021,151900
21057,2022,99800
39750,2016,21995
14900,2003,32850
71312,2018,17899
43500,2015,66500
34000,2020,59335
32250,2021,36000
194000,2011,3500
2000,2023,175000
53705,2018,25900
714,2023,349950
10900,2022,53900
2116,2022,90998
33000,2020,62999
43000,2020,40000
